<?xml version="1.0" encoding="UTF-8"?>
<project-private xmlns="http://www.netbeans.org/ns/project-private/1">
    <editor-bookmarks xmlns="http://www.netbeans.org/ns/editor-bookmarks/2" lastBookmarkId="0"/>
    <open-files xmlns="http://www.netbeans.org/ns/projectui-open-files/2">
        <group>
            <file>file:/C:/Users/DellUser/Desktop/HY-359/Project/Project/src/java/servlets/updateStudent.java</file>
            <file>file:/C:/Users/DellUser/Desktop/HY-359/Project/Project/src/java/servlets/GetStudent.java</file>
            <file>file:/C:/Users/DellUser/Desktop/HY-359/Project/Project/src/java/servlets/Admin.java</file>
            <file>file:/C:/Users/DellUser/Desktop/HY-359/Project/Project/src/java/servlets/deleteBook.java</file>
            <file>file:/C:/Users/DellUser/Desktop/HY-359/Project/Project/src/java/servlets/loadBooks.java</file>
            <file>file:/C:/Users/DellUser/Desktop/HY-359/Project/Project/src/java/servlets/RegisterBook.java</file>
            <file>file:/C:/Users/DellUser/Desktop/HY-359/Project/Project/src/java/servlets/Register.java</file>
            <file>file:/C:/Users/DellUser/Desktop/HY-359/Project/Project/src/java/servlets/LocalStorageExample.java</file>
            <file>file:/C:/Users/DellUser/Desktop/HY-359/Project/Project/src/java/servlets/borrowState.java</file>
            <file>file:/C:/Users/DellUser/Desktop/HY-359/Project/Project/src/java/servlets/updateBook.java</file>
            <file>file:/C:/Users/DellUser/Desktop/HY-359/Project/Project/src/java/servlets/GetBooks.java</file>
            <file>file:/C:/Users/DellUser/Desktop/HY-359/Project/Project/src/java/servlets/borrowBooks.java</file>
        </group>
    </open-files>
</project-private>
